Datetime,Tweet Id,Text,Username
2022-10-19 23:52:25+00:00,1582882391093223425,DziÅ› siÄ™ dowiadujevÅ¼eÅ¼e 80.% krakowian to Åºydzi . Czy Cos wiesz na ten temat.? PatrzÄ…c na Dulkiewicz i Trzaskowskiego to GdaÅ„sk i Warszawa to bÄ™dzie to samo.,MarciaEdena
2022-10-19 23:49:01+00:00,1582881535258083328,@Agiewillow @WTP_Warszawa Do sÄ…du o dyskryminacjÄ™ i jechaÄ‡ do koÅ„ca jak z burymi sukami.,KlaudiaKotusie1
2022-10-19 23:43:48+00:00,1582880222365437954,@b_andrzejewska @RobertBiedron @trzaskowski_ @agatadiduszko @JanMencwel @MelaniaLuczak @lewica_warszawa @ZielonaLewica @ZDM_Warszawa @MiastoJestNasze @Warszawski_AS @ZieloneMazowsze #R,NARPOLPMI
2022-10-19 23:34:31+00:00,1582877889522827265,@Agiewillow @WTP_Warszawa Czy Poczta Polska jest nadal Polska czy ja juÅ¼ kto przejÄ…Å‚? Bo chyba raczej tak.,unijnakapusta60
2022-10-19 23:17:21+00:00,1582873565455478784,"urodzony: 19 grudnia 1925, ToruÅ„

Å›mierÄ‡: 16 wrzeÅ›nia 1978, Warszawa

ksiÄ…Å¼ka: Lasery â€“ synteza jÄ…drowa

Dla jasnoÅ›ci warto dodaÄ‡, Å¼e zastosowanie broni laserowej do zwalczania samolotÃ³w i rakiet dlatego speÅ‚za na panewkach, bo jako budowane gÅ‚Ã³wnie z duralu i tytanu â€“ sÅ‚abo",Mandaryn62
2022-10-19 23:11:34+00:00,1582872113492660224,"@BogusEcki @trzaskowski_ @warszawa Pan pewnie JarosÅ‚awowi 'JarosÅ‚aw PolskÄ™ zbaw', to sÅ‚ychaÄ‡, widaÄ‡ i czuÄ‡, Å¼aÅ‚osny czÅ‚owieczku.",lisowskileszek1
2022-10-19 23:01:35+00:00,1582869597778165761,"@tomaszdedek @AnnaZalewskaMEP @ecrgroup @pisorgpl @FMPiS_Oficjalny @WroclawFMPiS @PiSForumMlodych @FM_PiS_Warszawa @RadioOpole @prwpl @RadioRodzina @FMPiSOpole Ta, napewno Zalewska potrzebuje konkurencji w swoim fachu.",I__I___O______
2022-10-19 22:59:36+00:00,1582869098534359041,@KaminskiTomas @NinaHachigian @trzaskowski_ @warszawa Two Taiwanese cities are members -Taipei and Taoyuan. It is important that on the local level Taiwanese cities are treated equally with members from the countries around the world.,Anna_Rudakowska
2022-10-19 22:53:19+00:00,1582867520192917505,@golaszewski_p @maciejluczak Chyba se zrobicie CzÄ™stochowa vs Warszawa/KrakÃ³w/Gliwice czy co tam jeszcze zostaÅ‚o ğŸ˜…,dobraszd
2022-10-19 22:52:25+00:00,1582867294069215232,@dobraszd Jak z dala jak ponoÄ‡ @maciejluczak zaplanowaÅ‚ na 3 maja o 9:00 PoznaÅ„ vs Warszawa ğŸ¤”,golaszewski_p
2022-10-19 22:51:29+00:00,1582867057158524928,"ZapowiedÅº meczu SKK Polonia Warszawa vs @SlezaWroclaw ğŸ™‚ - moÅ¼na sprawdziÄ‡, czy Redakcja strony trafiÅ‚a z przewidywaniami ğŸ˜‰ğŸ‘‡
https://t.co/LUqvB3MiE6
#KoszykowkaKobiet @BLKpl @AKTYWNAWARSZAWA  @PZKosz  #EkstraklasaKK #SportowaWarszawa #czarnewygrywa #koszwwa #WilanÃ³w",skkpolonia
2022-10-19 22:51:07+00:00,1582866964787367936,"@TomaszUrbas Takie kity to sobie pisz w gazetkach Å›ciennych w siedzibie
 Platformy Obywatelskiej.
Warszawa ul. Wiejska numeru nory nie pamiÄ™tam.",JerzySiudak
2022-10-19 22:47:53+00:00,1582866151545384960,Donek wie doskonale gdzie jest jego miejsceğŸ˜‚#wtylewizji #MinÄ™Å‚a20 #Forum #strefastarcia #prawica #tvpinfo #MuremZaPolskimMundurem #BabiesLivesMatter #PatologiaObywatelska #Polska #Poland #Warszawa #PremierPolskiejBiedy #ReparationsForPoland https://t.co/WFJqhmyKGs,TfuSSkekipa
2022-10-19 22:47:30+00:00,1582866054250106880,"@K_Stanowski @K_Stanowski Warto dodaÄ‡, Å¼e to ""dopiero"" finaÅ‚ na szczeblu grupy Warszawa. ""Prawdziwy"" okrÄ™gowy puchar rozpocznie siÄ™ na wiosnÄ™ jak doÅ‚Ä…czÄ… zespoÅ‚y z 3 ligi + zwyciÄ™zcy wszystkich grup mazowieckich.",JanSkolimowski
2022-10-19 22:44:21+00:00,1582865261547245569,"FB SKKğŸ”¥ğŸ–¤ğŸ¦¸ CÃ³Å¼ moÅ¼e byÄ‡ piÄ™kniejszego od wieczoru, w ktÃ³rym koszykarki Polonii Warszawa wygrywajÄ… kolejny mecz w @BLKpl? To juÅ¼ drugie zwyciÄ™stwo - cieszymy siÄ™ z wybornej postawy druÅ¼yny!
ğŸ€ğŸ“°ğŸ¥³ Wilanowski horror z ""happy endem""ğŸ‘‡ 
https://t.co/4CQGDPP4tZ
ğŸ“· @krawczykphoto https://t.co/FlBs5PLZVF",skkpolonia
2022-10-19 22:43:02+00:00,1582864929903693824,"@warplane_porn Nade mnÄ… teÅ¼ przelatujÄ…. Mieszkam obok Akademii Sztuki Wojennej, Warszawa-RembertÃ³w, Polska, a tam czÄ™sto siÄ™ pojawiajÄ… szychy z NATO :)
===
They also fly over me. I live next to the Military Arts Academy, Warsaw-RembertÃ³w, Poland, and that's where NATO bigwigs often appear :)",PolskieSluzby
2022-10-19 22:39:44+00:00,1582864102065479680,@IPN_Bialystok @ipngovpl @ipn_warszawa ğŸ˜”,FelixLlerenaCUB
2022-10-19 22:32:17+00:00,1582862228042022912,@trzaskowski_ @warszawa https://t.co/aulKfjTq7w,Jurek33471733
2022-10-19 22:31:40+00:00,1582862071586168832,"MaÅ‚a Budka, ruska sztuczna sterowana maÅ‚pa #wtylewizji #MinÄ™Å‚a20 #Forum #strefastarcia #prawica #tvpinfo #MuremZaPolskimMundurem #BabiesLivesMatter #PatologiaObywatelska #Polska #Poland #Warszawa #PremierPolskiejBiedy #ReparationsForPoland https://t.co/xNqjA3FAHN",TfuSSkekipa
2022-10-19 22:31:30+00:00,1582862027734667264,"Good Morning Linus ğŸ¤­â˜ºï¸â˜ºï¸ğŸ¤£

Thanks to Projekt Warszawa Admin we are so blessed to have this kind of update. Hope for them to win on Sunday ğŸ˜ğŸ™ https://t.co/jxaXHAHUkB",lk_chitama
2022-10-19 22:30:02+00:00,1582861659537694721,@WafelGruby Coco Jumbo Warszawa 150 pkt,Kierownik7PL
2022-10-19 22:29:42+00:00,1582861577791102976,MaÅ‚a Ruska Budka prÃ³buje coÅ› powiedzieÄ‡ #wtylewizji #MinÄ™Å‚a20 #Forum #strefastarcia #prawica #tvpinfo #MuremZaPolskimMundurem #BabiesLivesMatter #PatologiaObywatelska #Polska #Poland #Warszawa #PremierPolskiejBiedy #ReparationsForPoland https://t.co/irSEKuhswF,TfuSSkekipa
2022-10-19 22:27:46+00:00,1582861091084046338,"@ew_skaa @TraktorDisel @CytatyPis Poza tym, jeÅ›li zrobiÄ‡ porÃ³wnanie kosztÃ³w transportu publicznego pomiÄ™dzy WarszawÄ…, a Londynem albo kosztÃ³w wynajmu mieszkania(lub ownership rate), to okazaÅ‚oby siÄ™, Å¼e Polska wypadÅ‚aby znacznie lepiej. 
Å»ywnoÅ›Ä‡ to nie jest bardzo wysoki % miesiÄ™cznych wydatkÃ³w wiÄ™kszoÅ›ci osÃ³b.",JakubJacob6
2022-10-19 22:20:09+00:00,1582859173825753089,@MichalSzczerba @warszawa ğŸ¤¦â€â™‚ï¸ğŸ¤¦â€â™‚ï¸ğŸ¤¦â€â™‚ï¸ğŸ¤¦â€â™‚ï¸,Elbieta40910230
2022-10-19 22:16:35+00:00,1582858273652252674,"AutoTweet: Wyniki (meteogramy) modelu #DWD #MOSMIX dla stacji Warszawa, BiaÅ‚ystok, Lublin, ÅšnieÅ¼ka - UWAGA, DANE POBIERANE Z SERWERA DWD, NAZWY STACJI MOGÄ„ BYÄ† NIEMIECKIE! [test] https://t.co/xhjqow6sFb #pogoda #Polska https://t.co/7dBSXrZ7av",PogodaMeteo
2022-10-19 22:15:20+00:00,1582857961281839104,"@LukasPawlowski @LokalnaPolityka @warszawa @BiuroPrasoweKce @gdansk @UAM_Poznan @wroclaw_info Super, chciaÅ‚bym zapoznaÄ‡ siÄ™ z wynikami caÅ‚oÅ›ci, ale niestety strona wymaga zalogowania ğŸ˜¬",Mrhahaofficial
2022-10-19 22:10:27+00:00,1582856730740150278,@MichalSzczerba @warszawa @trzaskowski_ @GazetaStoleczna @tvnwarszawa @PORP_Warszawa @1944pl @muzeumwarszawy @EDGrupinska @BurmistrzHac @budziszewski_ Lansik co nie?,Brannik2
2022-10-19 22:05:34+00:00,1582855503658766337,"Marketing Supervisor in
 
 Warszawa,

 Poland
https://t.co/2FkCl7Vnv1",VacanciesinUkr1
2022-10-19 22:04:15+00:00,1582855170085380096,"@jarek_osowski @warszawa Czekamy na autostradÄ™. Nawet po 30 godzinach docieramy do celu. To jest najwaÅ¼niejsze, prawda? ğŸ’ª ProponujÄ™ zamontowaÄ‡ liczniki na rowerach i na butach biegaczy, dziÄ™ki czemu bÄ™dziemy czuli siÄ™ bezpieczniej.",MinSPIS
2022-10-19 22:03:32+00:00,1582854990061662208,"#PruszkÃ³w #Warszawa 

Kto ukrywa #dochÃ³d #gang-Ã³w? 

A moÅ¼e #inflacja? 

@PolskaPolicja 
@PolicjaSlaska 
@PolicjaLubelska 
@PolicjaWlkp 
@DPolicja 
@podlaskaPolicja 
@Policja_KSP 
@Rz_Policja 

#wieszwiÄ™cej #wtylewizji #wÅ‚Ä…czfakty  

https://t.co/oxCBBM68jH",E_4_Jupiter
2022-10-19 22:01:21+00:00,1582854441040236550,WÅ‚aÅ›nie publikuje zdjÄ™cie w: PaÅ‚ac Kultury i Nauki Warszawa https://t.co/LGTjlhP1l3,bmbdron
2022-10-19 22:00:01+00:00,1582854105936297984,DOZLOENIE nienaiwdze tych tiktokow ğŸ’«warszawa aestheticğŸ’« i wtedy pokazuja jakies ladne i czyste miejsca w wawie ktorych jesy malo xddd pokazcie jak stolica smierdzi zabetonowali miejsca gdzie bylo troche zieleni wszedzie korki n da sie przejsc przez patelnie zeby ktos n zaczepil,zackdodomu
2022-10-19 21:56:40+00:00,1582853262788947970,@jarek_osowski @warszawa Pan Prezydent w formie,Marcin_Zareba80
2022-10-19 21:55:30+00:00,1582852967216340992,"@MichalSzczerba @warszawa @trzaskowski_ @GazetaStoleczna @tvnwarszawa @PORP_Warszawa @1944pl @muzeumwarszawy @EDGrupinska @BurmistrzHac @budziszewski_ MichaÅ‚ wyglÄ…dasz na niezdrowo podnieconego. Wyluzuj, to starsza kobieta jest.",Grisaceo68
2022-10-19 21:55:21+00:00,1582852931769946113,@ZDM_Warszawa @St_Mieszkancow @JSzostakowski @MichalMycka @molszew77 @Skolimowski @bolekczyta @CzekalskiPawe @MelaniaLuczak @trzaskowski_ @ZDM_Warszawa a czy jest juÅ¼ projekt szczegÃ³Å‚owej organizacji ruchu na podstawie wnioskÃ³w z konsultacji?,wojteknowakows
2022-10-19 21:54:47+00:00,1582852789436239872,@ljporebski @MiastoJestNasze @ZDM_Warszawa @marta_ewa_sz NiepodlegÅ‚oÅ›ci nie jeÅºdziÅ‚em ale PuÅ‚awska teÅ¼ ma swoje uroki. Hit ponad hity to Poniatoszczak na lewym pasie (prawy BUS-pas). No a z siodeÅ‚ka zdjÄ™li mnie na 11listopada :),Marek_R_Krupski
2022-10-19 21:52:29+00:00,1582852211297570816,"Jak dla mnie to fajny pomysÅ‚ i wyszÅ‚o bardzo spoko. Najbardziej podoba mi siÄ™ ""Warszawa"" Tuwima. ""Nic dwa razy"" teÅ¼ fajne.
W sumie, to nieraz wolÄ™ poezjÄ™ Å›piewanÄ… niÅ¼, gdy artyÅ›ci silÄ… siÄ™ na jakieÅ› teksty w stylu ""byle do rymu"", np. ""lubiÄ™ gdy jest jesieÅ„, Å¼Ã³Å‚to rudy wrzesieÅ„""ğŸ˜† https://t.co/iG4SIAc7za",piotrcelentano
2022-10-19 21:48:21+00:00,1582851168686202881,@jaukiuki @ZDM_Warszawa @marta_ewa_sz @MiastoJestNasze Od PowÄ…zkowskiej do Broniewskiego ddr jest w planach @ZDM_Warszawa i nawet na projekcie @ZarzadZieleni dla skweru KrasiÅ„skiego.,ljporebski
2022-10-19 21:48:11+00:00,1582851126986035200,"@Brajnoo I dobrze piszesz mam identyczne przeczucia, niech w Kaliszu albo Zielonej GÃ³rze majÄ… ÅšWIÄ˜TO na przyjazd Legii Warszawa! Zabijali by siÄ™ o bilety i oglÄ…dali mecz z drzew za stadionu;)",DamianoPolako
2022-10-19 21:47:08+00:00,1582850862082568192,"@mlapiak @ZDM_Warszawa @marta_ewa_sz @MiastoJestNasze Ale pamiÄ™tasz, Å¼e to chodnik pod cmentarzem, gdzie jest codziennie pogrzeb i sporo osÃ³b idÄ…cych do koÅ›cioÅ‚a?",ljporebski
2022-10-19 21:46:11+00:00,1582850624403959808,"@zweilicht85 @j_luckmann @schnellenbachj Wie gesagt hab ich nix dagegen, nur die Politik sollte das nicht bestimmen ğŸ¤·
Dann machen wir aus Warschau auch Warszawa, kein Umstand ğŸ€",AspyrexGbr
2022-10-19 21:45:46+00:00,1582850520590389248,"@jednapani1 @ZDM_Warszawa @marta_ewa_sz @MiastoJestNasze WidaÄ‡ za to rowerzystÃ³w, ktÃ³rzy chodnikiem jadÄ…. Tylko przypominam, Å¼e to chodnik pod murem cmentarza i koÅ›cioÅ‚a. Tu codziennie sÄ… spore grupy idÄ…cych na msze lub z nich wracajÄ…cy.",ljporebski
2022-10-19 21:44:17+00:00,1582850144562688000,"ğŸ‘ğŸ”Wielkie brawa, koszykarka SKK Polonia Warszawa â€“ Andreona Keys  â€“ w pierwszej piÄ…tce 2. kolejki ligowej Energa Basket Liga Kobiet!

ğŸ–¤ğŸ¦¸â€â™€ï¸ Gratulujemy naszej zawodniczce i trzymamy kciuki za kolejne udane wystÄ™py koszykarek Polonii! Kolejna okazja jâ€¦ https://t.co/nxZRsKQd7k",PoloniaRSS
2022-10-19 21:42:54+00:00,1582849797542666241,"@KrzysztofPanfil @ZDM_Warszawa @marta_ewa_sz @MiastoJestNasze Ja jeÅ¼dÅ¼Ä™ codziennie od 8 miesiÄ™cy, a dziÅ› to rowerzystÃ³w sporo, choÄ‡ podobno sezon rowerowy juÅ¼ siÄ™ skoÅ„czyÅ‚. Polecam parkingi rowerowe pod szkoÅ‚ami, to dobrze widaÄ‡, Å¼e sezon rowerowy trwa.",ljporebski
2022-10-19 21:42:29+00:00,1582849694618689536,"@trzaskowski_ @egizelska Jestem pod wraÅ¼eniem. A byÅ‚bym pewnie pod jeszcze wiÄ™kszym gdyby napÄ™dzane sÅ‚oÅ„cem, wiatrem i zielonÄ… energiÄ… pojazdy firmy Lekaro wywoziÅ‚y odpady zgodnie z harmonogramem zamiast czekaÄ‡ aÅ¼ Warszawa przeksztaÅ‚ci siÄ™ w gnijÄ…cÄ… biomasÄ™ zasilajÄ…cÄ… tramwaj do Wilanowa.",Krzyszt84620160
2022-10-19 21:42:00+00:00,1582849572505677824,@Marek_R_Krupski @ljporebski @ZDM_Warszawa @marta_ewa_sz @MiastoJestNasze WolÄ™ jednak zaryzykowaÄ‡ mandat niÅ¼ zdrowie (i nerwy) na tym odcinku ulicy.,sidd_2017
2022-10-19 21:41:39+00:00,1582849481984208897,@AdalbertusEs @AnnaZalewskaMEP @ecrgroup @pisorgpl @FMPiS_Oficjalny @WroclawFMPiS @PiSForumMlodych @FM_PiS_Warszawa @RadioOpole @prwpl @RadioRodzina @FMPiSOpole jesli sklepem mozna nazwaÄ‡ pck...,hariko2000
2022-10-19 21:39:29+00:00,1582848937501024256,@Marek_R_Krupski @MiastoJestNasze @ZDM_Warszawa @marta_ewa_sz Jak szukasz adrenaliny to polecam przejazd NiepodlegÅ‚oÅ›ci w stronÄ™ centrum.,ljporebski
2022-10-19 21:38:50+00:00,1582848775722180609,@sidd_2017 @ljporebski @ZDM_Warszawa @marta_ewa_sz @MiastoJestNasze Jazda po chodniku jest wykroczeniem.,Marek_R_Krupski
2022-10-19 21:38:24+00:00,1582848664518553600,kocham miasto warszawa,yautiia
2022-10-19 21:38:17+00:00,1582848634852233216,@dobraszd @dobraszd bÄ™dzie w tym tyg. PoznaÅ„ vs Warszawa czy to nie jest co tydzieÅ„?,Antoine_kks
2022-10-19 21:38:16+00:00,1582848631626817536,"@JarekStawarz @MiastoJestNasze @ZDM_Warszawa @marta_ewa_sz A z drugiej strony, jak jedziesz Å›rodkiem to zaczyna siÄ™ trÄ…bienie, celowe spychanie lub bluzgi przez okno, Å¼e mam spi....aÄ‡ na chodnik. Znam z autopsji, a rÃ³Å¼nych ulicach.",ljporebski
2022-10-19 21:29:17+00:00,1582846372453449728,@PORP_Warszawa @MKierwinski https://t.co/0eGsspYJjL,TeoJade2
2022-10-19 21:29:06+00:00,1582846327511449600,"@PolskieRadio24 @PORP_Warszawa @MKierwinski Biedronka UE:
https://t.co/0eGsspYJjL",TeoJade2
2022-10-19 21:28:40+00:00,1582846215732936709,"@PORP_Warszawa @MKierwinski nie chciaÅ‚ pÅ‚aciÄ‡
https://t.co/0eGssqfMlL",TeoJade2
2022-10-19 21:28:31+00:00,1582846177930022913,"@Barbara40997865 @kose_ewa @trzaskowski_ @warszawa To ma byÄ‡ wytÅ‚umaczenie? Jak wszÄ™dzie? WszÄ™dzie tam gdzie jest PO. 
Francja, WÅ‚ochy czy Niemcy nie tracÄ… pieniÄ™dzy na takie kiczowate straszydÅ‚a. MoÅ¼e juÅ¼ doÅ›Ä‡ tego budowlanego partactwa Trzaskowskiego i jemu podobnych? Ci ludzie majÄ… ciasne umysÅ‚y i ograniczone horyzonty.",KaszubzKaszub
2022-10-19 21:25:59+00:00,1582845541779931136,"@MichalSzczerba @warszawa @trzaskowski_ @GazetaStoleczna @tvnwarszawa @PORP_Warszawa @1944pl @muzeumwarszawy @EDGrupinska @BurmistrzHac @budziszewski_ Dajcie tej starszej zasÅ‚uÅ¼onej Pani juÅ¼ spokÃ³j. Wozicie jÄ… jak maÅ‚pkÄ™, nie macie honoru",SwiderskiSwider
2022-10-19 21:24:35+00:00,1582845190318194688,@trzaskowski_ @warszawa CzeÅ›Ä‡ Jej pamieci,donald_tasak
2022-10-19 21:24:28+00:00,1582845159766519811,"@j_luckmann @schnellenbachj Und Polen nennt Warschau eher Warszawa, Mailand heiÃŸt eigentlich Milano, Moskau heiÃŸt Moskwa ... 

Den Namen einer Stadt aus politischer SolidaritÃ¤t zu Ã¤ndern ist so sinnvoll wie ""Freedom Fries"" usf. ğŸ¤”",AspyrexGbr
2022-10-19 21:23:17+00:00,1582844863392849920,#szaryczÅ‚owiek #Warszawa https://t.co/rheJ7iPG45,c_grabarczyk
2022-10-19 21:21:20+00:00,1582844371179024384,@AnnaZalewskaMEP @ecrgroup @pisorgpl @FMPiS_Oficjalny @WroclawFMPiS @PiSForumMlodych @FM_PiS_Warszawa @RadioOpole @prwpl @RadioRodzina @FMPiSOpole ChciaÅ‚em byÄ‡ dobrym czÅ‚owiekiem i pokazaÅ‚em to jednej tirowce na trasie. ParsknÄ™la i stwierdziÅ‚a ze ma swojÄ… godnoÅ›Ä‡.,DominikKujawa4
2022-10-19 21:20:24+00:00,1582844137875050496,"âœ… CZWARTEK
âœ… PIÄ„TEK
âœ… SOBOTA

Warszawo, w tym tygodniu rÃ³wnieÅ¼ zapraszamy do Panoramy, gdzie w tym tygodniu spotka siÄ™Â z Wami niezawodna @EdytaPytlinska i pomoÅ¼e wybraÄ‡ jednÄ… z kilkuset dostÄ™pnych koszulek! ğŸ™Œ

ğŸ“ Warszawa, Aleja Witosa 31, lok. 135 https://t.co/gnegcMwCk9",KLASYKASTORE
2022-10-19 21:18:15+00:00,1582843596213956608,"@OlechowskiJarek @tvp_info @tvn24 Tak jak w aferze mieszkaniowej w Warszawie - nic nie byÅ‚o,nic siÄ™ nie staÅ‚o - tylko jednÄ… osobÄ™ zamordowano i kilka tysiÄ™cy wyrzucono na bruk a to tylko Warszawa. Co na to Å›ledczy Holms z inowrocÅ‚awia?",Wojciec37904420
2022-10-19 21:15:11+00:00,1582842823505649664,"@Warszawski_AS @TytusKiszka @jarek_osowski @warszawa Z tego co zrozumiaÅ‚am tempo 30 bÄ™dzie obowiÄ…zywaÅ‚o na drobnych uliczkach, co wraz budynkami i parkami daje 90,6% powierzchni Warszawy. A nic siÄ™ nie zmieni na wszystkich zwykÅ‚ych jezdniach, przez ktÃ³re strach przejÅ›Ä‡. I sÄ… bardzo gÅ‚oÅ›ne. To ta gÄ™sta biaÅ‚a siatka na mapie, tak? https://t.co/OAn9THZ9SE",AgataKowalskaTT
2022-10-19 21:09:35+00:00,1582841413410357248,"PojawiÅ‚ siÄ™ wpis dla Human4human Recruitment w https://t.co/5IpZP0an0G:

ğŸ’¶ Baza: 21Â 350 PLN/mies netto
+ âœ¨ Premia: 2Â 010 PLN/mies brutto

Embedded Software Engineer w Warszawa - umowa o pracÄ™ tymczasowÄ…
#human4humanrecruitment #warszawa #embeddedsoftwareengineer",zarobky_pl
2022-10-19 21:08:54+00:00,1582841242911903744,Saturday photo dump #Warsaw #Poland ğŸ‡µğŸ‡± #Warszawa #fallfoliage https://t.co/7oWoqqm0T6,JosephStec
2022-10-19 21:05:52+00:00,1582840476574441477,"@Warszawski_AS @TytusKiszka @jarek_osowski @warszawa Jak zwykle nic nie rozumiem z tych map. I bÄ™dzie jak z tramwajem. Tj. narzekanie, Å¼e mieszkaÅ„cy za pÃ³Åºno siÄ™ skarÅ¼Ä…, a przecieÅ¼ ""wszystko byÅ‚o w projekcie"".",AgataKowalskaTT
2022-10-19 21:05:25+00:00,1582840363697381382,"@Marek_R_Krupski @ljporebski @ZDM_Warszawa @marta_ewa_sz @MiastoJestNasze Dlatego, Å¼e ceniÄ™ zdrowie ponad udowodnienie komuÅ›, Å¼e mogÄ™ jechaÄ‡ po dwupasmowej ulicy w Warszawie? To po prostu instynkt samozachowawczy. MoÅ¼e jak wprowadzÄ… tam Tempo 30, to siÄ™ tak przejadÄ™, na tÄ… chwilÄ™ IMHO to proszenie siÄ™ o kÅ‚opoty w imiÄ™ ideologii, a chodnik wolny.",sidd_2017
2022-10-19 21:02:37+00:00,1582839659368878080,@trzaskowski_ @warszawa ) + k,JZienkowski
2022-10-19 21:01:16+00:00,1582839322814074880,"@trzaskowski_ @warszawa ,,powstaÅ„czyni,,? PaÅ„skie ideologiczne wazeliniarstwo przekracza granice dobrego smaku. ğŸ˜‚",CiszewskiW
2022-10-19 21:00:00+00:00,1582839000976326656,"#Warszawa #Bemowo 2022-10-19 23:00
 Temp: 5.9Â°C Wilg: 84% CiÅ›n: 1025.6 hPa
 PM 2.5: 2.8 Î¼g/mÂ³ (11% normy)
 PM 10: 7.6 Î¼g/mÂ³ (15% normy)
 #smog
https://t.co/0qhOrlum2f",PowietrzeBemowo
2022-10-19 20:58:55+00:00,1582838728967720961,Halo halo! Kochana @warszawa @projektwarszawa @LegiaWarszawa @warszawa czy moÅ¼ecie PaÅ„stwo pomÃ³c? Zima idzie i wsparcie potrzebne. https://t.co/Czo25uKjLR,MartaWitecka1
2022-10-19 20:56:39+00:00,1582838161147035648,"@ljporebski @po_prostu_karol @ZDM_Warszawa @marta_ewa_sz @MiastoJestNasze Zdecydowanie chodnikiem, przecieÅ¼ tam prawie nikogo nie ma.",TPomianowski
2022-10-19 20:56:09+00:00,1582838031702106113,@KaszubzKaszub @kose_ewa @trzaskowski_ @warszawa Jak wszÄ™dzie.,Barbara40997865
2022-10-19 20:55:27+00:00,1582837857152290816,"@ipuljic57 Pojam politiÄko Sarajevo se koristi za dehumanizaciju i demonizaciju BoÅ¡njaÄkog/Bosanskog politiÄkog djelovanja. Ravan je pojmu ""politiÄki Dachau"" ili ""politiÄka Warszawa"" 1940-ih. Maliciozno!!!!!",Beno64416011
2022-10-19 20:54:59+00:00,1582837739967639552,"DuÅ¼o Å‚atwiej byÅ‚oby wprowadziÄ‡ #tempo30 w caÅ‚ym mieÅ›cie + wyjÄ…tki. Tu sÄ… tysiÄ…ce ulic nadajÄ…cych siÄ™ do ucywilizowania, wiÄ™c 409 stref to bÄ™dÄ… tysiÄ…ce znakÃ³w i ogromny koszt. Chyba Å¼e  #Warszawa zastosuje rozwiÄ…zania z GdaÅ„ska sprzed 10 lat i  czyli info tylko na wlotach do stref https://t.co/GQdT5xmykN",AgataKowalskaTT
2022-10-19 20:53:37+00:00,1582837396290555904,"Kiedy wydawaÅ‚o siÄ™, Å¼e wszystko w Lechu wraca do normy wyciÄ…gniÄ™to z szafy Artura RudkÄ™. 
No i ucieszÄ… siÄ™ rodziny oraz znajomi kibicÃ³w Lecha. MoÅ¼na juÅ¼ planowaÄ‡ majÃ³wki poza WarszawÄ…. 
https://t.co/ih3XbnEfiF",Jarmo_87
2022-10-19 20:51:40+00:00,1582836904713588736,"@pawelmich @ljporebski @ZDM_Warszawa @MiastoJestNasze PonoÄ‡ jest to za drogie. Za duÅ¼o projektowania, analiz, uzgodnieÅ„â€¦",marta_ewa_sz
2022-10-19 20:50:26+00:00,1582836595085828096,Wydarzenie w #MuzeumWarszawy Fotografia i Warszawa w latach 90 tych https://t.co/6xtKCoPBCd,Anna_MichalakP
2022-10-19 20:49:05+00:00,1582836256890724353,"@viicziii PoznaÅ„, Warszawa i moÅ¼e Leicester â¤ï¸",tomeksager
2022-10-19 20:46:44+00:00,1582835665284497408,"Gdyby ktoÅ› jeszcze nie wiedziaÅ‚, Warszawa teÅ¼ widzi siÄ™ w sobotÄ™ na United! ğŸ‘€ Zapraszamy do Irish Pubu na ul. Miodowej 3.

Wydarzenie na fb: https://t.co/Mksme6v420 https://t.co/c64QvY9ewr",TrueBluesPL
2022-10-19 20:46:35+00:00,1582835623857393664,@AnnaZalewskaMEP @ecrgroup @pisorgpl @FMPiS_Oficjalny @WroclawFMPiS @PiSForumMlodych @FM_PiS_Warszawa @RadioOpole @prwpl @RadioRodzina @FMPiSOpole TY KURWO Zaleska â€¦.. rzygam przez odbyt kiedy widzÄ™ twÃ³j tempy ryj na TT,LAgreendoor
2022-10-19 20:46:32+00:00,1582835613417340929,"@PORP_Warszawa  @donaldtusk
To coÅ› dla was i waszego zÅ‚odzieja: TERA NA KOSZYKI!
https://t.co/71KPJXQ2pJ",TeoJade2
2022-10-19 20:46:11+00:00,1582835527069274112,"@ljporebski @ZDM_Warszawa @marta_ewa_sz @MiastoJestNasze Opis nie pasuje do obrazka, bo chodnik pusty. Oczywiscie, wiem, Å¼e nie wolno rowerem po chodniku.",jednapani1
2022-10-19 20:46:08+00:00,1582835513421008896,"@xerionaut @trzaskowski_ @warszawa Ten Prezydent co najwyÅ¼ej puszcza, ale przeterminowanego bÄ…kala.",POlgierd
2022-10-19 20:45:46+00:00,1582835420463009792,"@JStrozyk69 No jprd to juÅ¼ jest caÅ‚kiem jawne szpiegostwo a teraz w kwestii zestrzeliwania dronÃ³w np. nad Kijowem, WarszawÄ… to przecieÅ¼ horror. Ruscy mogÄ… wiedzieÄ‡ juÅ¼ wszystko o naszych antydronowych moÅ¼liwoÅ›ciach.",TLechocinski
2022-10-19 20:44:35+00:00,1582835122495029248,@trzaskowski_ @warszawa Smutna wiadomoÅ›Ä‡ to jest waÅ‚ek TuskÃ³w na 600 tyÅ›.â‚¬. A w zasadzie to moÅ¼e dobra wiadomoÅ›Ä‡ ğŸ˜‚ğŸ˜ğŸ¤£,John30595193
2022-10-19 20:43:40+00:00,1582834891741241345,@AnnaZalewskaMEP @ecrgroup @pisorgpl @FMPiS_Oficjalny @WroclawFMPiS @PiSForumMlodych @FM_PiS_Warszawa @RadioOpole @prwpl @RadioRodzina @FMPiSOpole Czy wygranej/-emu przysÅ‚uguje sÅ‚uÅ¼bowy plecak?,gloniasz
2022-10-19 20:43:15+00:00,1582834786703319040,"W parku MoczydÅ‚o na #Wola nie ma juÅ¼ groÅºnej bakterii â€“ to dobra wiadomoÅ›Ä‡ https://t.co/z7qL8MC8B6. dla wÄ™dkarzy i wÅ‚aÅ›cicieli czworonogÃ³wğŸ¦®

WiÄ™cejğŸ‘‰https://t.co/52Q9vc2UdI #Warszawa #park #staw https://t.co/qvrtivT82D",rdcpolskieradio
2022-10-19 20:42:59+00:00,1582834718583640067,"âœ… RakÃ³w CzÄ™stochowa
âœ… Legia Warszawa
âœ… Piast Gliwice
âœ… GÃ³rnik ÅÄ™czna

4 zespoÅ‚y, ktÃ³re w 4 kolejnych edycjach #PucharPolski awansowaÅ‚y co najmniej do 1/8 finaÅ‚u.

3 druÅ¼yny ekstraklasy i rodzynek z I ligi. ğŸ‡",PawelBalcerek
2022-10-19 20:40:26+00:00,1582834077287469056,@Agiewillow @WTP_Warszawa SÅ‚awomir Mecen lubi to,kamilakazar
2022-10-19 20:40:24+00:00,1582834069494464518,"@honimseo Same, Warszawa jest piÄ™kna",rosesautumn19
2022-10-19 20:39:53+00:00,1582833938120159233,"@BandytaZKamerka Warszawa Tarchomin. Ul. Milenijna, przystanek Ceramiczna 01",tmszcpk3
2022-10-19 20:39:01+00:00,1582833719445856256,"@cezarygmyz BUDYNEK MARKA FALENTY UL.FRANCESCO NULLO 2 , TAM BYÅY FIRMY ICON , RADIUS , REPRYWATYZACJA WARSZAWSKA , ON NIE TYLKO WÄ˜GLEM HANDLOWAÅ , ALE TEZ WARSZAWA MIN . POZNAÅƒSKA 37 I INNE ZGODÄ˜ NA SPRZEDAÅ» PODPISYWAÅ G .SCHETYNA , A DALEJ PODPISYWAÅ BUFETOWA W RATUSZU",zbigniew_woldan
2022-10-19 20:38:09+00:00,1582833505267961856,"@RadwanAnia @fyderek Aniu, mi chodzi o to, Å¼e trudno znaleÅºÄ‡ w PL dyskursie kogoÅ›, kto widzÄ…c odpowiedzialnoÅ›Ä‡ PiS za demolkÄ™, prÃ³buje rozumieÄ‡ spÃ³r na linii Warszawa-Bruksela w szerszy kontekscie. RobiÄ™ to od lat i czujÄ™ siÄ™ osamotniony (no moÅ¼e prof. Cichocki jest drugi). StÄ…d doceniam gÅ‚os Wosia.",KedzierskiMarc
2022-10-19 20:37:47+00:00,1582833410187198464,"@ljporebski @ZDM_Warszawa @marta_ewa_sz @MiastoJestNasze Ekstremalnie to jeÅºdziÅ‚ ten, co wpakowaÅ‚ siÄ™Â pod BMW na ModliÅ„skiej, nagrodÄ™Â Darwina powinien dostaÄ‡.",0x00DEAD00
2022-10-19 20:35:07+00:00,1582832739408957442,"@BurzynskaAga Ale PDT powiedziaÅ‚, Å¼e niczego siÄ™ nie boi. W swoim wystawieniu wczoraj - gdzieÅ› skÅ‚amaÅ‚? Czy import wÄ™gla z Rosji wzrÃ³sÅ‚ za pisu? Komisja Å›ledcza. I zobaczymy.",Pawel_Warszawa
2022-10-19 20:34:41+00:00,1582832630562979840,"@airacobr @ddzwiedziu @jarek_osowski @_zboral @warszawa Ale my w miescie nie jezdzimy 50. 50 jedziemy przez te kilka sekund ktore dla wielu jest niezrozumialym celem, reszte zwalniasz, stoisz, przyspieszasz, walczysz, bo nie jestes pizda, scierasz klocki itd. Plynna jazda pali mi zawsze mniej niz walka o jak najwieksza predkosc",Maciej_DiMarzio
2022-10-19 20:33:05+00:00,1582832229004169216,Ostrzegam przed inwestowaniem z pracowniÄ… finansowÄ… Warszawa.bardzo nieuczciwÄ… firma,gajewski_awomir
2022-10-19 20:32:54+00:00,1582832182783258624,@ljporebski @ZDM_Warszawa @marta_ewa_sz @MiastoJestNasze A moÅ¼e najpierw nauczy siÄ™ Pan jeÅºdziÄ‡ rowerem jeÅ›li widzi Pan gdzieÅ› problem na tym filmiku? SwojÄ… drogÄ… jazda chodnikiem miÄ™dzy pieszymi ğŸ‘ğŸ‘® Wstyd.,BSokalszczuk
2022-10-19 20:31:31+00:00,1582831833045401601,@MilaVan1 @jarek_osowski @warszawa Pieszo tez mozna i czlowiek sie dotleni.,Italonda
